期数,贷款部分,月供（元）,本金（元）,利息（元）,剩余本金（元）
1,合计,11572.31,4938.98,6633.33,2795061.02
2,合计,11572.31,4950.64,6621.68,2790110.38
3,合计,11572.31,4962.32,6609.99,2785148.06
4,合计,11572.31,4974.04,6598.28,2780174.02
5,合计,11572.31,4985.78,6586.54,2775188.24
6,合计,11572.31,4997.54,6574.77,2770190.7
7,合计,11572.31,5009.34,6562.97,2765181.36
8,合计,11572.31,5021.17,6551.15,2760160.19
9,合计,11572.31,5033.02,6539.3,2755127.18
10,合计,11572.31,5044.9,6527.42,2750082.28
11,合计,11572.31,5056.81,6515.51,2745025.47
12,合计,11572.31,5068.74,6503.57,2739956.73
13,合计,11572.31,5080.71,6491.6,2734876.02
14,合计,11572.31,5092.7,6479.61,2729783.31
15,合计,11572.31,5104.73,6467.59,2724678.59
16,合计,11572.31,5116.78,6455.54,2719561.81
17,合计,11572.31,5128.86,6443.46,2714432.95
18,合计,11572.31,5140.97,6431.35,2709291.98
19,合计,11572.31,5153.1,6419.21,2704138.88
20,合计,11572.31,5165.27,6407.04,2698973.61
21,合计,11572.31,5177.47,6394.85,2693796.14
22,合计,11572.31,5189.69,6382.62,2688606.45
23,合计,11572.31,5201.94,6370.37,2683404.51
24,合计,11572.31,5214.23,6358.09,2678190.28
25,合计,11572.31,5226.54,6345.78,2672963.74
26,合计,11572.31,5238.88,6333.44,2667724.86
27,合计,11572.31,5251.25,6321.07,2662473.61
28,合计,11572.31,5263.65,6308.67,2657209.96
29,合计,11572.31,5276.08,6296.24,2651933.89
30,合计,11572.31,5288.54,6283.78,2646645.35
31,合计,11572.31,5301.03,6271.29,2641344.32
32,合计,11572.31,5313.54,6258.77,2636030.78
33,合计,11572.31,5326.09,6246.22,2630704.68
34,合计,11572.31,5338.67,6233.64,2625366.01
35,合计,11572.31,5351.28,6221.04,2620014.73
36,合计,11572.31,5363.92,6208.4,2614650.82
37,合计,11572.31,5376.58,6195.73,2609274.23
38,合计,11572.31,5389.28,6183.03,2603884.95
39,合计,11572.31,5402.01,6170.3,2598482.94
40,合计,11572.31,5414.77,6157.54,2593068.17
41,合计,11572.31,5427.56,6144.76,2587640.61
42,合计,11572.31,5440.38,6131.94,2582200.23
43,合计,11572.31,5453.23,6119.09,2576747.0
44,合计,11572.31,5466.11,6106.21,2571280.89
45,合计,11572.31,5479.02,6093.29,2565801.87
46,合计,11572.31,5491.96,6080.35,2560309.91
47,合计,11572.31,5504.94,6067.38,2554804.97
48,合计,11572.31,5517.94,6054.38,2549287.03
49,合计,11572.31,5530.97,6041.34,2543756.06
50,合计,11572.31,5544.04,6028.28,2538212.02
51,合计,11572.31,5557.14,6015.18,2532654.88
52,合计,11572.31,5570.26,6002.05,2527084.62
53,合计,11572.31,5583.42,5988.89,2521501.19
54,合计,11572.31,5596.61,5975.7,2515904.58
55,合计,11572.31,5609.84,5962.48,2510294.74
56,合计,11572.31,5623.09,5949.23,2504671.66
57,合计,11572.31,5636.37,5935.94,2499035.28
58,合计,11572.31,5649.69,5922.62,2493385.59
59,合计,11572.31,5663.04,5909.28,2487722.55
60,合计,11572.31,5676.42,5895.9,2482046.13
61,合计,11572.31,5689.83,5882.48,2476356.3
62,合计,11572.31,5703.27,5869.04,2470653.03
63,合计,11572.31,5716.75,5855.56,2464936.28
64,合计,11572.31,5730.26,5842.06,2459206.02
65,合计,11572.31,5743.8,5828.52,2453462.22
66,合计,11572.31,5757.37,5814.94,2447704.85
67,合计,11572.31,5770.98,5801.34,2441933.87
68,合计,11572.31,5784.61,5787.7,2436149.26
69,合计,11572.31,5798.28,5774.03,2430350.97
70,合计,11572.31,5811.98,5760.33,2424538.99
71,合计,11572.31,5825.72,5746.6,2418713.27
72,合计,11572.31,5839.49,5732.83,2412873.78
73,合计,11572.31,5853.29,5719.03,2407020.5
74,合计,11572.31,5867.12,5705.19,2401153.37
75,合计,11572.31,5880.99,5691.33,2395272.39
76,合计,11572.31,5894.89,5677.43,2389377.5
77,合计,11572.31,5908.82,5663.5,2383468.68
78,合计,11572.31,5922.78,5649.53,2377545.9
79,合计,11572.31,5936.78,5635.53,2371609.12
80,合计,11572.31,5950.81,5621.5,2365658.31
81,合计,11572.31,5964.88,5607.44,2359693.43
82,合计,11572.31,5978.98,5593.34,2353714.45
83,合计,11572.31,5993.11,5579.2,2347721.34
84,合计,11572.31,6007.28,5565.04,2341714.06
85,合计,11572.31,6021.48,5550.84,2335692.59
86,合计,11572.31,6035.71,5536.6,2329656.87
87,合计,11572.31,6049.98,5522.34,2323606.9
88,合计,11572.31,6064.28,5508.04,2317542.62
89,合计,11572.31,6078.62,5493.7,2311464.0
90,合计,11572.31,6092.99,5479.33,2305371.02
91,合计,11572.31,6107.39,5464.93,2299263.63
92,合计,11572.31,6121.83,5450.49,2293141.8
93,合计,11572.31,6136.3,5436.01,2287005.5
94,合计,11572.31,6150.81,5421.51,2280854.69
95,合计,11572.31,6165.35,5406.97,2274689.34
96,合计,11572.31,6179.93,5392.39,2268509.42
97,合计,11572.31,6194.54,5377.78,2262314.88
98,合计,11572.31,6209.18,5363.13,2256105.7
99,合计,11572.31,6223.86,5348.45,2249881.83
100,合计,11572.31,6238.58,5333.73,2243643.25
101,合计,11572.31,6253.33,5318.98,2237389.92
102,合计,11572.31,6268.12,5304.2,2231121.8
103,合计,11572.31,6282.94,5289.38,2224838.87
104,合计,11572.31,6297.79,5274.52,2218541.07
105,合计,11572.31,6312.69,5259.63,2212228.38
106,合计,11572.31,6327.61,5244.7,2205900.77
107,合计,11572.31,6342.58,5229.74,2199558.19
108,合计,11572.31,6357.58,5214.74,2193200.62
109,合计,11572.31,6372.61,5199.7,2186828.0
110,合计,11572.31,6387.68,5184.63,2180440.32
111,合计,11572.31,6402.79,5169.53,2174037.54
112,合计,11572.31,6417.93,5154.39,2167619.61
113,合计,11572.31,6433.11,5139.21,2161186.5
114,合计,11572.31,6448.32,5123.99,2154738.17
115,合计,11572.31,6463.57,5108.74,2148274.6
116,合计,11572.31,6478.86,5093.45,2141795.74
117,合计,11572.31,6494.18,5078.13,2135301.56
118,合计,11572.31,6509.54,5062.77,2128792.01
119,合计,11572.31,6524.94,5047.37,2122267.07
120,合计,11572.31,6540.37,5031.94,2115726.7
121,合计,11572.31,6555.84,5016.47,2109170.85
122,合计,11572.31,6571.35,5000.96,2102599.5
123,合计,11572.31,6586.9,4985.42,2096012.6
124,合计,11572.31,6602.48,4969.84,2089410.13
125,合计,11572.31,6618.1,4954.22,2082792.03
126,合计,11572.31,6633.75,4938.56,2076158.28
127,合计,11572.31,6649.44,4922.87,2069508.84
128,合计,11572.31,6665.17,4907.14,2062843.67
129,合计,11572.31,6680.94,4891.37,2056162.72
130,合计,11572.31,6696.75,4875.57,2049465.98
131,合计,11572.31,6712.59,4859.73,2042753.39
132,合计,11572.31,6728.47,4843.84,2036024.92
133,合计,11572.31,6744.39,4827.93,2029280.53
134,合计,11572.31,6760.35,4811.97,2022520.18
135,合计,11572.31,6776.34,4795.98,2015743.84
136,合计,11572.31,6792.37,4779.94,2008951.47
137,合计,11572.31,6808.44,4763.87,2002143.03
138,合计,11572.31,6824.55,4747.76,1995318.48
139,合计,11572.31,6840.7,4731.61,1988477.78
140,合计,11572.31,6856.89,4715.43,1981620.89
141,合计,11572.31,6873.11,4699.2,1974747.78
142,合计,11572.31,6889.37,4682.94,1967858.4
143,合计,11572.31,6905.68,4666.64,1960952.73
144,合计,11572.31,6922.02,4650.3,1954030.71
145,合计,11572.31,6938.4,4633.92,1947092.31
146,合计,11572.31,6954.82,4617.5,1940137.49
147,合计,11572.31,6971.28,4601.04,1933166.22
148,合计,11572.31,6987.77,4584.54,1926178.44
149,合计,11572.31,7004.31,4568.0,1919174.13
150,合计,11572.31,7020.89,4551.43,1912153.25
151,合计,11572.31,7037.5,4534.81,1905115.74
152,合计,11572.31,7054.16,4518.16,1898061.59
153,合计,11572.31,7070.85,4501.46,1890990.73
154,合计,11572.31,7087.59,4484.73,1883903.14
155,合计,11572.31,7104.36,4467.95,1876798.78
156,合计,11572.31,7121.18,4451.14,1869677.6
157,合计,11572.31,7138.03,4434.28,1862539.57
158,合计,11572.31,7154.93,4417.39,1855384.64
159,合计,11572.31,7171.86,4400.45,1848212.78
160,合计,11572.31,7188.84,4383.47,1841023.94
161,合计,11572.31,7205.86,4366.46,1833818.08
162,合计,11572.31,7222.91,4349.4,1826595.17
163,合计,11572.31,7240.01,4332.3,1819355.16
164,合计,11572.31,7257.15,4315.17,1812098.01
165,合计,11572.31,7274.33,4297.99,1804823.68
166,合计,11572.31,7291.55,4280.77,1797532.13
167,合计,11572.31,7308.81,4263.5,1790223.32
168,合计,11572.31,7326.11,4246.2,1782897.2
169,合计,11572.31,7343.46,4228.86,1775553.75
170,合计,11572.31,7360.84,4211.47,1768192.9
171,合计,11572.31,7378.27,4194.05,1760814.63
172,合计,11572.31,7395.74,4176.58,1753418.89
173,合计,11572.31,7413.25,4159.07,1746005.65
174,合计,11572.31,7430.8,4141.51,1738574.85
175,合计,11572.31,7448.39,4123.92,1731126.45
176,合计,11572.31,7466.03,4106.29,1723660.42
177,合计,11572.31,7483.71,4088.61,1716176.72
178,合计,11572.31,7501.43,4070.89,1708675.29
179,合计,11572.31,7519.19,4053.13,1701156.1
180,合计,11572.31,7536.99,4035.32,1693619.11
181,合计,11572.31,7554.84,4017.47,1686064.27
182,合计,11572.31,7572.73,3999.58,1678491.54
183,合计,11572.31,7590.66,3981.65,1670900.87
184,合计,11572.31,7608.64,3963.68,1663292.23
185,合计,11572.31,7626.66,3945.66,1655665.58
186,合计,11572.31,7644.72,3927.6,1648020.86
187,合计,11572.31,7662.82,3909.49,1640358.04
188,合计,11572.31,7680.97,3891.35,1632677.07
189,合计,11572.31,7699.16,3873.16,1624977.91
190,合计,11572.31,7717.39,3854.92,1617260.52
191,合计,11572.31,7735.67,3836.64,1609524.85
192,合计,11572.31,7753.99,3818.32,1601770.86
193,合计,11572.31,7772.36,3799.96,1593998.5
194,合计,11572.31,7790.77,3781.55,1586207.73
195,合计,11572.31,7809.22,3763.1,1578398.51
196,合计,11572.31,7827.72,3744.6,1570570.8
197,合计,11572.31,7846.26,3726.06,1562724.54
198,合计,11572.31,7864.84,3707.47,1554859.7
199,合计,11572.31,7883.47,3688.84,1546976.23
200,合计,11572.31,7902.14,3670.17,1539074.08
201,合计,11572.31,7920.86,3651.45,1531153.22
202,合计,11572.31,7939.63,3632.69,1523213.59
203,合计,11572.31,7958.43,3613.88,1515255.16
204,合计,11572.31,7977.29,3595.03,1507277.87
205,合计,11572.31,7996.19,3576.13,1499281.69
206,合计,11572.31,8015.13,3557.19,1491266.56
207,合计,11572.31,8034.12,3538.2,1483232.44
208,合计,11572.31,8053.15,3519.16,1475179.29
209,合计,11572.31,8072.23,3500.09,1467107.06
210,合计,11572.31,8091.35,3480.96,1459015.71
211,合计,11572.31,8110.52,3461.79,1450905.18
212,合计,11572.31,8129.74,3442.57,1442775.44
213,合计,11572.31,8149.0,3423.31,1434626.44
214,合计,11572.31,8168.31,3404.0,1426458.13
215,合计,11572.31,8187.66,3384.65,1418270.46
216,合计,11572.31,8207.06,3365.25,1410063.4
217,合计,11572.31,8226.51,3345.8,1401836.89
218,合计,11572.31,8246.0,3326.31,1393590.88
219,合计,11572.31,8265.54,3306.77,1385325.34
220,合计,11572.31,8285.13,3287.18,1377040.21
221,合计,11572.31,8304.76,3267.55,1368735.45
222,合计,11572.31,8324.44,3247.87,1360411.0
223,合计,11572.31,8344.17,3228.15,1352066.83
224,合计,11572.31,8363.94,3208.37,1343702.89
225,合计,11572.31,8383.76,3188.55,1335319.12
226,合计,11572.31,8403.63,3168.68,1326915.49
227,合计,11572.31,8423.55,3148.77,1318491.94
228,合计,11572.31,8443.51,3128.8,1310048.43
229,合计,11572.31,8463.52,3108.79,1301584.91
230,合计,11572.31,8483.58,3088.73,1293101.32
231,合计,11572.31,8503.69,3068.63,1284597.63
232,合计,11572.31,8523.84,3048.47,1276073.79
233,合计,11572.31,8544.05,3028.27,1267529.74
234,合计,11572.31,8564.3,3008.02,1258965.44
235,合计,11572.31,8584.6,2987.72,1250380.84
236,合计,11572.31,8604.95,2967.37,1241775.9
237,合计,11572.31,8625.34,2946.97,1233150.55
238,合计,11572.31,8645.79,2926.53,1224504.76
239,合计,11572.31,8666.28,2906.03,1215838.48
240,合计,11572.31,8686.83,2885.49,1207151.65
241,合计,11572.31,8707.42,2864.9,1198444.23
242,合计,11572.31,8728.06,2844.25,1189716.17
243,合计,11572.31,8748.75,2823.56,1180967.42
244,合计,11572.31,8769.49,2802.82,1172197.93
245,合计,11572.31,8790.28,2782.03,1163407.65
246,合计,11572.31,8811.12,2761.19,1154596.53
247,合计,11572.31,8832.01,2740.3,1145764.52
248,合计,11572.31,8852.95,2719.37,1136911.57
249,合计,11572.31,8873.94,2698.38,1128037.63
250,合计,11572.31,8894.98,2677.34,1119142.65
251,合计,11572.31,8916.07,2656.25,1110226.58
252,合计,11572.31,8937.21,2635.11,1101289.37
253,合计,11572.31,8958.4,2613.92,1092330.98
254,合计,11572.31,8979.64,2592.68,1083351.34
255,合计,11572.31,9000.93,2571.38,1074350.41
256,合计,11572.31,9022.27,2550.04,1065328.13
257,合计,11572.31,9043.67,2528.65,1056284.46
258,合计,11572.31,9065.11,2507.2,1047219.35
259,合计,11572.31,9086.61,2485.71,1038132.74
260,合计,11572.31,9108.16,2464.16,1029024.58
261,合计,11572.31,9129.76,2442.56,1019894.83
262,合计,11572.31,9151.41,2420.91,1010743.42
263,合计,11572.31,9173.11,2399.21,1001570.31
264,合计,11572.31,9194.86,2377.45,992375.45
265,合计,11572.31,9216.67,2355.65,983158.78
266,合计,11572.31,9238.53,2333.79,973920.25
267,合计,11572.31,9260.44,2311.88,964659.82
268,合计,11572.31,9282.4,2289.91,955377.41
269,合计,11572.31,9304.42,2267.9,946073.0
270,合计,11572.31,9326.48,2245.83,936746.51
271,合计,11572.31,9348.61,2223.71,927397.91
272,合计,11572.31,9370.78,2201.54,918027.13
273,合计,11572.31,9393.01,2179.31,908634.12
274,合计,11572.31,9415.29,2157.03,899218.84
275,合计,11572.31,9437.62,2134.7,889781.22
276,合计,11572.31,9460.0,2112.31,880321.22
277,合计,11572.31,9482.44,2089.87,870838.77
278,合计,11572.31,9504.94,2067.38,861333.83
279,合计,11572.31,9527.49,2044.83,851806.35
280,合计,11572.31,9550.09,2022.23,842256.26
281,合计,11572.31,9572.74,1999.57,832683.52
282,合计,11572.31,9595.45,1976.86,823088.07
283,合计,11572.31,9618.22,1954.1,813469.85
284,合计,11572.31,9641.03,1931.28,803828.82
285,合计,11572.31,9663.91,1908.41,794164.91
286,合计,11572.31,9686.83,1885.48,784478.08
287,合计,11572.31,9709.82,1862.5,774768.26
288,合计,11572.31,9732.85,1839.46,765035.41
289,合计,11572.31,9755.95,1816.37,755279.46
290,合计,11572.31,9779.09,1793.22,745500.37
291,合计,11572.31,9802.3,1770.02,735698.07
292,合计,11572.31,9825.55,1746.76,725872.52
293,合计,11572.31,9848.87,1723.45,716023.65
294,合计,11572.31,9872.24,1700.08,706151.42
295,合计,11572.31,9895.66,1676.65,696255.75
296,合计,11572.31,9919.14,1653.17,686336.61
297,合计,11572.31,9942.68,1629.63,676393.93
298,合计,11572.31,9966.28,1606.04,666427.65
299,合计,11572.31,9989.93,1582.39,656437.73
300,合计,11572.31,10013.63,1558.68,646424.09
301,合计,11572.31,10037.4,1534.92,636386.7
302,合计,11572.31,10061.22,1511.1,626325.48
303,合计,11572.31,10085.09,1487.22,616240.39
304,合计,11572.31,10109.03,1463.29,606131.36
305,合计,11572.31,10133.02,1439.29,595998.34
306,合计,11572.31,10157.07,1415.25,585841.27
307,合计,11572.31,10181.18,1391.14,575660.09
308,合计,11572.31,10205.34,1366.97,565454.75
309,合计,11572.31,10229.56,1342.75,555225.19
310,合计,11572.31,10253.84,1318.47,544971.34
311,合计,11572.31,10278.18,1294.13,534693.16
312,合计,11572.31,10302.58,1269.74,524390.59
313,合计,11572.31,10327.03,1245.28,514063.56
314,合计,11572.31,10351.54,1220.77,503712.01
315,合计,11572.31,10376.12,1196.2,493335.89
316,合计,11572.31,10400.75,1171.57,482935.15
317,合计,11572.31,10425.44,1146.88,472509.71
318,合计,11572.31,10450.19,1122.13,462059.53
319,合计,11572.31,10474.99,1097.32,451584.53
320,合计,11572.31,10499.86,1072.45,441084.67
321,合计,11572.31,10524.79,1047.53,430559.89
322,合计,11572.31,10549.77,1022.54,420010.11
323,合计,11572.31,10574.82,997.5,409435.29
324,合计,11572.31,10599.92,972.39,398835.37
325,合计,11572.31,10625.09,947.22,388210.28
326,合计,11572.31,10650.32,922.0,377559.96
327,合计,11572.31,10675.6,896.71,366884.36
328,合计,11572.31,10700.95,871.36,356183.41
329,合计,11572.31,10726.36,845.96,345457.05
330,合计,11572.31,10751.83,820.49,334705.22
331,合计,11572.31,10777.36,794.96,323927.87
332,合计,11572.31,10802.95,769.37,313124.92
333,合计,11572.31,10828.6,743.72,302296.32
334,合计,11572.31,10854.31,718.0,291442.01
335,合计,11572.31,10880.09,692.23,280561.93
336,合计,11572.31,10905.92,666.39,269656.01
337,合计,11572.31,10931.82,640.49,258724.19
338,合计,11572.31,10957.78,614.53,247766.41
339,合计,11572.31,10983.8,588.51,236782.6
340,合计,11572.31,11009.89,562.43,225772.72
341,合计,11572.31,11036.03,536.28,214736.68
342,合计,11572.31,11062.24,510.07,203674.44
343,合计,11572.31,11088.52,483.8,192585.92
344,合计,11572.31,11114.85,457.46,181471.07
345,合计,11572.31,11141.25,431.07,170329.83
346,合计,11572.31,11167.71,404.61,159162.12
347,合计,11572.31,11194.23,378.08,147967.88
348,合计,11572.31,11220.82,351.49,136747.06
349,合计,11572.31,11247.47,324.84,125499.59
350,合计,11572.31,11274.19,298.13,114225.4
351,合计,11572.31,11300.97,271.35,102924.43
352,合计,11572.31,11327.81,244.5,91596.61
353,合计,11572.31,11354.72,217.59,80241.89
354,合计,11572.31,11381.69,190.62,68860.2
355,合计,11572.31,11408.73,163.59,57451.47
356,合计,11572.31,11435.83,136.48,46015.64
357,合计,11572.31,11463.0,109.32,34552.64
358,合计,11572.31,11490.23,82.09,23062.41
359,合计,11572.31,11517.53,54.79,11544.89
360,合计,11572.31,11544.89,27.43,0.0
